id,Strength
5407,44.579985841022676
5408,20.93459225152229
5409,32.961958582947275
5410,51.126981390083614
5411,29.57847265809926
5412,40.293631191108965
5413,27.971723865686457
5414,26.1311028887227
5415,50.19800284892839
5416,46.58006173814214
5417,32.421256111484105
5418,49.6925558590181
5419,45.31129064654792
5420,32.264254260838825
5421,29.42027477892192
5422,33.947935073099316
5423,61.41752484169186
5424,44.7583979930767
5425,37.1987224799764
5426,48.70915202583833
5427,19.017950058103004
5428,23.59369351846503
5429,18.937138795929137
5430,22.95797564044253
5431,23.033422075871794
5432,49.67840133125438
5433,19.422409513601195
5434,40.459481224235795
5435,41.3243000084858
5436,33.419248550559125
5437,37.78240928867201
5438,30.5328316841384
5439,49.607478170120714
5440,33.379459051458596
5441,17.86791221515437
5442,39.785668158470095
5443,29.095742118007724
5444,32.13456210696838
5445,21.90270608304106
5446,43.9702480990734
5447,34.37514096246812
5448,20.864863210928377
5449,49.91149998666065
5450,44.85167322518423
5451,54.54959724612956
5452,24.090089355966334
5453,31.627264667625063
5454,33.51939048048293
5455,41.32382693223631
5456,33.58739211044955
5457,23.077730402629133
5458,32.78071439966486
5459,25.903209602445763
5460,35.93360229629985
5461,25.525520745734646
5462,25.645978353242693
5463,36.16984396783042
5464,33.65129713671666
5465,51.31983600230624
5466,45.59563396761843
5467,43.47911474189806
5468,18.75486907066243
5469,34.29239284815871
5470,19.452428653071177
5471,32.13318163656654
5472,29.921846697195186
5473,24.118078105730586
5474,47.1047582226306
5475,20.0463172620345
5476,37.94164268718336
5477,45.455137748027
5478,34.78305965019658
5479,21.589679196595807
5480,35.565140803467514
5481,34.693660069324196
5482,33.30548001913925
5483,34.024459212337035
5484,44.61816911385131
5485,51.36321275644956
5486,52.669934406900616
5487,48.85354450565357
5488,39.5691889986723
5489,55.011543437471204
5490,42.90118703879207
5491,35.53354401313179
5492,51.517337003171946
5493,30.097564791203737
5494,36.25863808063364
5495,25.45326938715725
5496,38.98498720359217
5497,35.64358580989162
5498,36.38387062514019
5499,37.74329306548216
5500,36.204714025042634
5501,24.22598989223055
5502,35.8936269940627
5503,21.432904493816274
5504,72.91377962368898
5505,42.86230681364123
5506,43.31818634123631
5507,43.717325992555324
5508,36.86953158372093
5509,25.319165446752166
5510,41.454819230057645
5511,40.43209503061902
5512,20.14155847720718
5513,43.76575223189495
5514,16.164712007028427
5515,34.67771246273795
5516,49.91149998666065
5517,34.7334349936046
5518,43.476216497346236
5519,21.219248879427596
5520,49.67840133125438
5521,35.377043164259796
5522,30.778485904197378
5523,37.67533768373253
5524,16.165527535280397
5525,27.66694597018345
5526,14.150774951485644
5527,32.03586826446943
5528,29.280515049278097
5529,58.03416802134792
5530,45.67544711296732
5531,49.363221057847056
5532,53.94009173240054
5533,27.92392145897406
5534,48.487168970508804
5535,17.974984840286393
5536,45.81335554724949
5537,21.615222859172192
5538,43.205000123177925
5539,16.957242586676884
5540,32.02595655220524
5541,36.15465498115398
5542,23.816491360459736
5543,45.351992284416255
5544,22.22725353478028
5545,36.8527709454712
5546,44.3594797049553
5547,27.838925305295938
5548,31.868870167619523
5549,22.83286362030405
5550,36.48240191582083
5551,31.65283553986366
5552,19.46345592580284
5553,22.50464285178608
5554,21.200114333233508
5555,34.553261596780914
5556,33.65129713671666
5557,43.9702480990734
5558,22.740700453189778
5559,59.03416467643932
5560,22.88677929295266
5561,31.65283553986366
5562,51.8739179178604
5563,33.419248550559125
5564,43.31102258951724
5565,45.99533325506398
5566,43.779254462854595
5567,27.900881796469985
5568,50.151707902211335
5569,51.355132048526336
5570,37.82110732691346
5571,19.51378201188324
5572,23.587700312217844
5573,32.78071439966486
5574,33.73342383716509
5575,19.46816375685392
5576,33.214419152529835
5577,41.62169448043192
5578,34.4793877805333
5579,36.44736528104583
5580,37.64907859877405
5581,34.37514096246812
5582,45.63994340959875
5583,36.44736528104583
5584,44.092011826780755
5585,38.46476531670554
5586,16.973593185510865
5587,39.5599650667544
5588,22.241682679273325
5589,22.078049137362804
5590,43.36870141346559
5591,50.06448356628496
5592,40.030657982382635
5593,37.70879467805287
5594,34.37514096246812
5595,41.65904500552969
5596,46.98122234587831
5597,32.11344100340169
5598,40.78955924417899
5599,20.837993192580672
5600,18.327264939263696
5601,37.60423491843727
5602,41.41537694263104
5603,33.320466727327464
5604,34.33469172773814
5605,23.267498400284335
5606,32.13456210696838
5607,35.15471210918409
5608,37.534795142730765
5609,29.4538798885748
5610,33.042918976651755
5611,30.73158389315514
5612,46.503554696494966
5613,20.5606995019373
5614,26.785631677520055
5615,38.21323344258215
5616,21.780493246525698
5617,37.60968598155594
5618,25.416036445564544
5619,21.708269192162984
5620,48.41601739237409
5621,26.58523027569639
5622,46.02095578009282
5623,27.459252821851724
5624,19.817768948327114
5625,30.097564791203737
5626,36.204714025042634
5627,50.06448356628496
5628,26.13773187367339
5629,45.35036652362092
5630,39.40789367685122
5631,48.61363685274788
5632,35.65506480567938
5633,34.35078168350775
5634,28.3717655910791
5635,20.309020656494287
5636,23.587700312217844
5637,35.40640682655018
5638,37.41520861008308
5639,40.86745513226661
5640,33.648701043917306
5641,22.078049137362804
5642,39.65103270059319
5643,22.44325458154642
5644,43.268603233882224
5645,50.1161459739542
5646,24.60113367701973
5647,34.67771246273795
5648,25.86127637138774
5649,34.93365248570402
5650,38.22788974102828
5651,40.73450762538782
5652,46.87919989093714
5653,34.35078168350775
5654,57.98680330663772
5655,37.3121337533266
5656,21.28146549912416
5657,44.03242998375049
5658,24.360813105556044
5659,22.217814983047408
5660,37.316917820666134
5661,44.53874299785127
5662,45.39135961036312
5663,37.57348092683279
5664,50.62344996665763
5665,49.67840133125438
5666,24.524029704401418
5667,15.378674708293847
5668,30.60343991982773
5669,24.467514121998953
5670,17.508521845035894
5671,31.785299313285268
5672,48.658745564399084
5673,19.46345592580284
5674,17.834860816118656
5675,21.97998251880774
5676,45.31129064654792
5677,44.61816911385131
5678,51.517337003171946
5679,17.903703100152505
5680,37.32042633698924
5681,45.928971822664884
5682,42.21407194090543
5683,43.54350037695736
5684,59.29755912925165
5685,35.969948973437944
5686,33.65698593721566
5687,40.76742681652478
5688,29.274052095133897
5689,50.114140733174665
5690,40.00931470692276
5691,48.524864738335204
5692,49.35635539112274
5693,45.31129064654792
5694,25.289563739474655
5695,42.252665418502175
5696,45.34590753743311
5697,30.94733553990816
5698,46.105743077590894
5699,49.142649618380005
5700,34.444105752623386
5701,25.83136855690401
5702,32.45683020613363
5703,23.267498400284335
5704,30.69126700559831
5705,47.14631668884464
5706,57.97907669224047
5707,50.06448356628496
5708,46.447752173568844
5709,43.506684637612494
5710,46.446685743657085
5711,29.625575760973714
5712,26.973911555826138
5713,49.67840133125438
5714,55.91396009188679
5715,28.045246252053115
5716,25.409933435965787
5717,34.0350753923958
5718,33.228905859936496
5719,33.54981269349861
5720,46.02095578009282
5721,49.085683020611256
5722,17.543671599030418
5723,47.06555112930126
5724,34.55028875662687
5725,36.501299963006744
5726,18.859135747579376
5727,37.24361270663404
5728,19.85762361559369
5729,36.44736528104583
5730,45.845459554420906
5731,44.49063698122336
5732,22.444298051636434
5733,34.005158379362925
5734,38.15839982351228
5735,21.72640153268962
5736,40.76742681652478
5737,19.966266337779427
5738,49.706747680864915
5739,48.3095586545456
5740,32.42411302287954
5741,25.86127637138774
5742,36.132150373734056
5743,33.52330926508214
5744,22.249699452047267
5745,45.31129064654792
5746,33.356393794551416
5747,44.71087130924034
5748,36.57168761995449
5749,34.11528573430081
5750,31.205945796750314
5751,25.94211062353
5752,32.88607074391917
5753,29.993976711662565
5754,13.579799564890642
5755,68.32968232208047
5756,35.565140803467514
5757,41.32382693223631
5758,22.83286362030405
5759,28.859195010009188
5760,22.241682679273325
5761,32.27036616169887
5762,25.063616880094727
5763,19.42856041658395
5764,46.344276005392516
5765,19.46345592580284
5766,22.20816267951286
5767,34.38718882393082
5768,22.078414837292506
5769,43.51522997179595
5770,34.7901645116648
5771,19.01284245304573
5772,43.47911474189806
5773,20.793825723105037
5774,34.89217229815465
5775,35.65506480567938
5776,30.342803613189066
5777,50.57577293871536
5778,22.39086962249459
5779,41.821279129164594
5780,39.87456649163859
5781,20.2328808068128
5782,50.3296552906864
5783,38.71980668136872
5784,33.70181928405109
5785,50.114140733174665
5786,22.788028633149697
5787,45.67544711296732
5788,31.524185977269468
5789,40.97630588473365
5790,15.845862801286135
5791,20.895202203326868
5792,25.3598003202732
5793,19.46345592580284
5794,35.26366799399851
5795,45.31129064654792
5796,50.3296552906864
5797,43.36958404440807
5798,48.52690520342989
5799,22.243358527543684
5800,27.196961798309708
5801,18.256606445971602
5802,47.35926386170529
5803,44.46183333995858
5804,36.44736528104583
5805,39.3051510222003
5806,23.587700312217844
5807,38.90227271175519
5808,54.26632130188611
5809,30.342803613189066
5810,25.83136855690401
5811,29.78860076645332
5812,48.55699803428167
5813,53.981191238394075
5814,31.941506344058617
5815,30.94733553990816
5816,44.61816911385131
5817,52.169427913349836
5818,20.895202203326868
5819,35.83418664107851
5820,39.65103270059319
5821,29.437166451494882
5822,30.79116982016359
5823,35.4077776531645
5824,34.96077537135155
5825,51.55880938950162
5826,27.516623463892227
5827,19.986454306804262
5828,46.02095578009282
5829,19.103070154302223
5830,20.14155847720718
5831,29.87626353045878
5832,21.708269192162984
5833,44.774643679470124
5834,25.966061169710976
5835,34.37514096246812
5836,27.405034527037856
5837,32.774276023753444
5838,39.5691889986723
5839,19.42856041658395
5840,38.84813623252902
5841,43.15141699449395
5842,50.51230028866347
5843,33.65129713671666
5844,57.957947411712766
5845,25.903209602445763
5846,33.419248550559125
5847,29.623854775679177
5848,33.55270183603037
5849,32.10334971700303
5850,20.14155847720718
5851,38.18470423611486
5852,33.95118525679567
5853,48.06462281756118
5854,34.357824639479674
5855,20.873261778614868
5856,35.520487266896005
5857,36.204714025042634
5858,43.065503004717236
5859,24.611405836321282
5860,36.204714025042634
5861,50.52153563467539
5862,44.304723521360934
5863,30.94733553990816
5864,40.720215903997286
5865,26.078026870125925
5866,47.28568835023539
5867,51.11919497949589
5868,47.869611515463895
5869,14.439473801227535
5870,19.13448060447024
5871,36.89041078966037
5872,19.829774460798212
5873,32.4371737993577
5874,45.456860530996856
5875,29.1527083369747
5876,62.63998100689042
5877,45.45275757636565
5878,28.130965326933364
5879,21.31017420239685
5880,49.085683020611256
5881,15.873774068121815
5882,33.419248550559125
5883,44.50433161616688
5884,45.794400325302995
5885,37.71785692243613
5886,34.81492861901445
5887,31.65283553986366
5888,37.67533768373253
5889,33.29367044262082
5890,45.08918795537552
5891,55.14089146452662
5892,26.68418125260192
5893,48.391916986082165
5894,49.3629389230628
5895,34.19831097757892
5896,17.78779038653273
5897,70.68930940119093
5898,25.645978353242693
5899,52.169427913349836
5900,37.375245996811884
5901,15.937669804168486
5902,54.97052071988406
5903,36.28435708750782
5904,50.770692125313445
5905,29.917704872451914
5906,46.02095578009282
5907,33.71141419300865
5908,30.94733553990816
5909,45.845459554420906
5910,48.500752568398354
5911,54.97052071988406
5912,45.845459554420906
5913,68.23656273383821
5914,45.845459554420906
5915,38.95025842930553
5916,22.638186820604837
5917,33.208665982035086
5918,33.70962995787637
5919,30.097564791203737
5920,40.06262470708272
5921,61.41752484169186
5922,41.378687991193836
5923,21.734208997743913
5924,36.25863808063364
5925,33.463555307000526
5926,33.556517239341886
5927,34.278873993542405
5928,36.204714025042634
5929,47.934589919726626
5930,26.189772608006642
5931,25.338885432257705
5932,27.029642179809024
5933,34.29385318593962
5934,51.845630393575675
5935,35.765917235762686
5936,46.42179263611365
5937,29.1527083369747
5938,60.09986598514152
5939,34.23484241365175
5940,43.47911474189806
5941,27.13550071448808
5942,49.398735439740115
5943,57.82306688235443
5944,36.88737623083912
5945,40.3036958307442
5946,34.23432515876894
5947,19.159447389925866
5948,36.11962672179945
5949,29.1527083369747
5950,48.531295246196684
5951,21.799468446923548
5952,42.855359978902996
5953,29.17662074364184
5954,51.517337003171946
5955,22.398747052166335
5956,37.25848494323013
5957,32.295326710719344
5958,18.17496517918239
5959,29.819274181244793
5960,41.32382693223631
5961,40.78955924417899
5962,22.0711682699603
5963,29.42027477892192
5964,43.634600710575626
5965,22.04732722042077
5966,32.6882012110631
5967,34.285911351474795
5968,44.28400696133005
5969,36.187125924859096
5970,24.108362905752443
5971,46.94877779868992
5972,43.00822707727142
5973,43.29113857412078
5974,19.755262950767726
5975,20.972291956652494
5976,40.0110078389883
5977,45.845459554420906
5978,31.802411278561948
5979,23.477916653758076
5980,34.24239189762641
5981,33.947935073099316
5982,33.214419152529835
5983,38.18470423611486
5984,71.28859114291525
5985,39.65103270059319
5986,33.51939048048293
5987,40.76742681652478
5988,37.24361270663404
5989,19.974372044600585
5990,45.34139843594406
5991,47.45960520602062
5992,40.76445547056836
5993,39.89814350095349
5994,22.398747052166335
5995,32.096097880607346
5996,55.543030988428264
5997,22.28719121936273
5998,20.14155847720718
5999,22.241682679273325
6000,51.99867413561006
6001,43.00822707727142
6002,40.33979131980407
6003,27.54139237741761
6004,31.65283553986366
6005,27.536454041693737
6006,48.12981678673664
6007,24.84442543207445
6008,51.65286007148373
6009,33.59349973064195
6010,22.44714670176555
6011,17.598583293194167
6012,47.80021507524257
6013,42.290368441183006
6014,57.98095482231007
6015,16.957242586676884
6016,21.28146549912416
6017,41.53249808012254
6018,44.33085382717007
6019,17.3817758210659
6020,33.62888088696405
6021,17.86791221515437
6022,33.73337348299589
6023,26.13773187367339
6024,49.085683020611256
6025,42.53070021404463
6026,45.31129064654792
6027,34.89217229815465
6028,21.568779603473864
6029,24.890996294930375
6030,18.937138795929137
6031,35.494347333721194
6032,27.900881796469985
6033,53.04798971700679
6034,29.66406155292738
6035,54.28981937606658
6036,34.37514096246812
6037,40.62950721810689
6038,34.67771246273795
6039,54.18675410119596
6040,28.711238915679626
6041,57.37892568079096
6042,46.07264754676122
6043,52.57265110106897
6044,23.759472904756013
6045,34.983539476006136
6046,37.70875601917464
6047,55.73604970674717
6048,39.75182968174996
6049,32.42279971479268
6050,49.4269375566218
6051,32.96682357247841
6052,44.85167322518423
6053,32.42070859477092
6054,26.62994378451736
6055,35.98379757635981
6056,46.94877779868992
6057,27.321211597402755
6058,31.255790924772
6059,25.645978353242693
6060,23.71767666870449
6061,34.35078168350775
6062,28.52366844086417
6063,15.802068871292697
6064,36.67479578880331
6065,49.929348522587034
6066,20.114333946847314
6067,36.8527709454712
6068,33.537558410364596
6069,35.377043164259796
6070,41.28369955092492
6071,34.555699268017335
6072,18.73319087580186
6073,16.884673660032675
6074,32.832438190461
6075,17.802609600496016
6076,51.7473274899308
6077,35.09379177754366
6078,30.94733553990816
6079,35.63647105589415
6080,39.87456649163859
6081,41.57777569223896
6082,33.48828603068189
6083,28.355405779644187
6084,21.568779603473864
6085,60.50314768290887
6086,29.282201254724413
6087,22.135974344717866
6088,31.711757398590372
6089,26.30173076629177
6090,41.025693721409574
6091,40.78955924417899
6092,34.249530121322124
6093,46.86949697840554
6094,49.085683020611256
6095,30.93873248600783
6096,49.55296352452907
6097,39.90272953188919
6098,35.62821792852457
6099,34.42798266546799
6100,48.98845639719476
6101,26.850791477272292
6102,52.800672675364744
6103,32.826354384978714
6104,40.16845537585952
6105,35.32827508163942
6106,29.592913052424226
6107,58.865256847327764
6108,36.272891205509936
6109,17.3817758210659
6110,37.14525972141263
6111,43.032421372730056
6112,46.06910168738986
6113,19.475861790497984
6114,42.47001912924037
6115,22.788028633149697
6116,22.492927628446253
6117,46.2436599059785
6118,46.585076234008774
6119,30.348169516720002
6120,22.444298051636434
6121,59.26991232097391
6122,35.65506480567938
6123,23.267498400284335
6124,19.918648926105224
6125,60.5890657879183
6126,33.20349224478808
6127,43.9702480990734
6128,46.00017198701912
6129,33.68671417059516
6130,28.22962406700742
6131,45.845459554420906
6132,15.045283077844491
6133,27.900881796469985
6134,30.782144312701938
6135,43.433777522314614
6136,33.463555307000526
6137,21.734208997743913
6138,16.838269207572285
6139,42.52591101115066
6140,46.94877779868992
6141,33.86338125365557
6142,60.5890657879183
6143,22.04239274676442
6144,23.23910953384558
6145,51.3705227411565
6146,52.81997002952404
6147,33.214419152529835
6148,31.524185977269468
6149,33.65129713671666
6150,24.811733565902106
6151,43.52368955728363
6152,19.46345592580284
6153,64.54661280981202
6154,32.16678613331639
6155,50.30913116446281
6156,43.267323115217394
6157,25.85159003139002
6158,50.09147849473348
6159,29.592913052424226
6160,54.29969295575011
6161,44.68940388207393
6162,31.735202933096907
6163,33.126802348370624
6164,48.06462281756118
6165,25.416036445564544
6166,39.34291016284396
6167,34.37514096246812
6168,33.64168413463988
6169,25.7459246005216
6170,33.58071117118871
6171,15.045283077844491
6172,48.61746356285337
6173,28.22962406700742
6174,25.645978353242693
6175,33.214419152529835
6176,32.72634251281964
6177,54.9719469064797
6178,34.31561481693403
6179,16.957242586676884
6180,32.78071439966486
6181,42.793787742863834
6182,36.570876097229295
6183,22.75222870284446
6184,23.613336499201434
6185,35.565140803467514
6186,28.809655973497044
6187,39.65103270059319
6188,31.237551035822282
6189,30.115948013911613
6190,38.394765355025996
6191,33.947935073099316
6192,30.79116982016359
6193,35.035957511698996
6194,34.37514096246812
6195,45.300090735390086
6196,45.986394265053406
6197,36.16500249454842
6198,60.241069317763014
6199,22.398747052166335
6200,40.1813875989259
6201,35.62950041728524
6202,33.54981269349861
6203,30.097564791203737
6204,38.94481291246298
6205,49.36873315482909
6206,49.94948767722788
6207,32.88607074391917
6208,32.11344100340169
6209,32.11344100340169
6210,38.608900030605284
6211,59.99166155920752
6212,47.243739887777046
6213,19.039636295544774
6214,46.02095578009282
6215,38.71995169425
6216,34.11625006506776
6217,39.763447960343534
6218,53.01467002796833
6219,48.391916986082165
6220,58.93475398076327
6221,32.0914322629808
6222,46.86298061796979
6223,45.39135961036312
6224,46.399329382786966
6225,50.62587143173315
6226,48.9896750568316
6227,19.06841758499278
6228,30.79116982016359
6229,18.36500875491011
6230,43.9702480990734
6231,32.95571042651685
6232,15.272565306494617
6233,30.95320512474759
6234,35.18133371084005
6235,34.9979422602885
6236,38.71980668136872
6237,50.62344996665763
6238,29.400507653673216
6239,30.939981727270762
6240,30.2875832614086
6241,23.114108417153133
6242,31.283903708424845
6243,21.708269192162984
6244,50.47847244276531
6245,55.084948594896844
6246,33.648701043917306
6247,32.32836215493399
6248,35.361332777158935
6249,30.262575190039414
6250,24.18705878485926
6251,54.97052071988406
6252,46.24245733288297
6253,55.169551316419415
6254,41.090821505860056
6255,30.55062322509782
6256,34.184130503174885
6257,27.55499984380242
6258,34.908271130661376
6259,27.623888839902456
6260,22.788028633149697
6261,42.6742936169998
6262,35.53822378012589
6263,22.951544153373852
6264,33.1751370499276
6265,45.375252592027756
6266,35.442942505516214
6267,35.65506480567938
6268,23.58091670068888
6269,34.94292186755878
6270,29.917704872451914
6271,18.960948419925263
6272,49.706747680864915
6273,34.741068454016
6274,19.931976401587537
6275,34.91156506274289
6276,21.862819736360755
6277,22.24049163208397
6278,23.917479908923312
6279,20.583397099682173
6280,35.30325585532809
6281,30.205147720753523
6282,42.778610407560585
6283,34.077106798274
6284,26.264290342632325
6285,55.084948594896844
6286,21.08788707028658
6287,34.986471552708736
6288,32.110395634850775
6289,44.003562871409216
6290,48.29681407801231
6291,51.64167381905981
6292,20.895202203326868
6293,44.85167322518423
6294,49.91149998666065
6295,35.786840732099805
6296,37.056641385441374
6297,32.14084249316822
6298,38.31187496700726
6299,47.3937458736833
6300,17.508521845035894
6301,19.49549995201025
6302,33.24984224041811
6303,21.708269192162984
6304,49.91149998666065
6305,37.60423491843727
6306,34.12143512642648
6307,33.54981269349861
6308,49.706747680864915
6309,40.78955924417899
6310,46.261116861279056
6311,34.11625006506776
6312,36.44736528104583
6313,45.53248283796825
6314,52.169427913349836
6315,37.75444960662705
6316,33.57366180536036
6317,45.31129064654792
6318,22.278707311256618
6319,47.55179877892289
6320,48.473089849748426
6321,33.54327898401762
6322,48.29681407801231
6323,23.678452961765444
6324,43.9702480990734
6325,40.93182799698338
6326,25.770504623532126
6327,19.564483848153507
6328,48.06462281756118
6329,22.212000838926674
6330,17.85945717139854
6331,33.36761297190876
6332,18.00208493085639
6333,25.271367629525834
6334,44.422663717275405
6335,28.904514717733544
6336,21.490589944232955
6337,25.3598003202732
6338,29.917704872451914
6339,18.080417666598375
6340,38.69620414885293
6341,41.04036505899636
6342,38.67856608264566
6343,51.940029389433015
6344,20.06924292997793
6345,50.3296552906864
6346,33.70692376871727
6347,43.5440090034724
6348,28.44101652064763
6349,21.46587723327982
6350,44.62654631308918
6351,21.74661459080638
6352,40.073776584385975
6353,19.228374768400656
6354,35.52031288543213
6355,33.638658023557184
6356,52.74809582099214
6357,24.693452053865713
6358,42.90118703879207
6359,25.86127637138774
6360,36.570876097229295
6361,28.22962406700742
6362,43.47911474189806
6363,34.497497534184234
6364,56.431414093204225
6365,30.205147720753523
6366,39.65103270059319
6367,23.678452961765444
6368,39.5691889986723
6369,25.289563739474655
6370,50.233756785379896
6371,34.92363329025874
6372,39.87456649163859
6373,18.665296095018714
6374,34.75899115390898
6375,25.931250479804696
6376,51.61277067492143
6377,20.895202203326868
6378,47.74593637981204
6379,31.926264087277197
6380,50.06448356628496
6381,45.455137748027
6382,38.05945062565139
6383,54.04436658028349
6384,41.53249808012254
6385,39.01911048544752
6386,14.578217402833054
6387,39.87456649163859
6388,21.24555595843543
6389,18.137418210544322
6390,45.55861126978679
6391,74.16634217923853
6392,54.31478444501536
6393,44.480151232087415
6394,41.72857140456467
6395,26.43095213782074
6396,46.34121958684333
6397,41.32382693223631
6398,21.759175764447832
6399,58.75522964552681
6400,45.455137748027
6401,42.72843199941013
6402,39.65432715727894
6403,46.74721235253354
6404,33.32466838002102
6405,35.30325585532809
6406,16.957242586676884
6407,28.759492124649224
6408,20.38409612026666
6409,20.895202203326868
6410,26.248563971545458
6411,32.576531265534044
6412,36.8056102242147
6413,41.834095550016684
6414,26.857805968951595
6415,52.51403953335783
6416,44.9001565429324
6417,37.32308383293282
6418,19.46345592580284
6419,31.600788480147656
6420,25.046475102507515
6421,32.11344100340169
6422,51.877045581395066
6423,21.46587723327982
6424,25.475650034361085
6425,39.41919037580058
6426,48.85354450565357
6427,65.73783046032702
6428,29.245532587080035
6429,48.85354450565357
6430,25.269033319651232
6431,41.63254370509449
6432,51.33013958922399
6433,44.2371797791514
6434,36.187125924859096
6435,41.53249808012254
6436,23.917479908923312
6437,46.02095578009282
6438,26.30253692424788
6439,41.00494510761672
6440,55.948184862797895
6441,22.91701296378327
6442,29.592913052424226
6443,26.393428699289803
6444,28.880320158048043
6445,31.689194258308994
6446,19.966266337779427
6447,13.175121437739548
6448,32.78071439966486
6449,38.192995583944416
6450,37.64664234120978
6451,46.94877779868992
6452,47.93246568647877
6453,27.60977023770834
6454,45.792025217667614
6455,24.872163997093782
6456,43.37841657688857
6457,37.596405239437075
6458,25.289563739474655
6459,21.508598343232993
6460,42.727499437313774
6461,45.31129064654792
6462,32.63195433378563
6463,18.209661169988802
6464,28.22962406700742
6465,33.58719480859957
6466,39.87381268671638
6467,31.65283553986366
6468,25.593006401199247
6469,41.585002593637704
6470,50.033342935289475
6471,52.98135733732168
6472,16.875286677993557
6473,45.40652415211385
6474,29.437166451494882
6475,34.9979422602885
6476,46.94877779868992
6477,38.05945062565139
6478,33.214419152529835
6479,28.696966973980118
6480,42.90118703879207
6481,19.448987081672698
6482,36.04533151257835
6483,23.661295486633314
6484,41.16297785702801
6485,36.187125924859096
6486,37.018543017928415
6487,19.961802192030834
6488,60.357920522394764
6489,41.32382693223631
6490,34.42145663546511
6491,43.71928378677765
6492,36.828360805174604
6493,22.740700453189778
6494,20.895202203326868
6495,47.06555112930126
6496,35.30325585532809
6497,33.371475891903
6498,42.85741520831518
6499,35.703699567146025
6500,25.903209602445763
6501,34.42798266546799
6502,36.1260026076698
6503,51.43299405860171
6504,39.14976604360221
6505,43.9702480990734
6506,54.99604901144025
6507,49.6925558590181
6508,32.58311189681769
6509,44.652631529414734
6510,42.977419752695155
6511,40.78955924417899
6512,45.845459554420906
6513,28.03730478648974
6514,32.88607074391917
6515,22.637729048133657
6516,45.39842608919335
6517,30.95320512474759
6518,25.4913223062345
6519,34.12143512642648
6520,39.71833517510184
6521,31.161599278682164
6522,33.208665982035086
6523,35.30325585532809
6524,32.78071439966486
6525,17.89287973037076
6526,28.22220948124987
6527,33.13045351717773
6528,51.36321275644956
6529,25.37539203243776
6530,26.503639598486888
6531,50.60077422469202
6532,19.13448060447024
6533,40.892156390714064
6534,41.08950646422837
6535,51.50241612132221
6536,28.14818222708063
6537,33.463555307000526
6538,31.096462896672698
6539,17.5840808773901
6540,30.011063307651945
6541,19.453707481244052
6542,35.30325585532809
6543,39.454002621401294
6544,35.65506480567938
6545,26.944414644909862
6546,28.883544264018894
6547,31.823343293523905
6548,35.786840732099805
6549,48.471823363840954
6550,22.658949312932585
6551,36.807119033859806
6552,19.28601859860775
6553,19.452428653071177
6554,28.408233245558517
6555,35.471233184572036
6556,49.706747680864915
6557,34.79974289572175
6558,27.550386059504262
6559,41.88167208912295
6560,31.137806949759046
6561,46.582488259017595
6562,35.00016516513495
6563,19.46345592580284
6564,51.29271399840206
6565,25.82716482222045
6566,22.078049137362804
6567,30.094772222323734
6568,39.0757567683838
6569,33.54327898401762
6570,50.971215938320924
6571,49.93945645296229
6572,34.89217229815465
6573,48.22820288759997
6574,55.89696569426653
6575,31.373461104668255
6576,31.215561587970036
6577,33.58739211044955
6578,29.918194490364634
6579,34.67771246273795
6580,35.36687939286639
6581,27.305363649532495
6582,39.5691889986723
6583,21.90270608304106
6584,34.928498966692814
6585,41.49943931257644
6586,35.02922602873335
6587,28.02768644982536
6588,47.21437105385151
6589,38.84813623252902
6590,48.06462281756118
6591,40.76742681652478
6592,44.995195106059064
6593,34.54827223788636
6594,33.907946649934246
6595,39.87456649163859
6596,38.88670014855387
6597,28.194053396866117
6598,36.481177530024596
6599,38.07413740294669
6600,33.60402961852773
6601,31.524185977269468
6602,35.78923722700649
6603,34.35078168350775
6604,25.7054442684233
6605,21.122874464255375
6606,58.95882845655779
6607,22.630487524178232
6608,18.820288302031173
6609,22.89220286407475
6610,33.39008225458954
6611,35.62046202680184
6612,22.249699452047267
6613,46.94877779868992
6614,50.535854208261945
6615,36.481177530024596
6616,49.91149998666065
6617,36.083381586996495
6618,21.708269192162984
6619,45.684294633407276
6620,22.92986679856851
6621,41.32382693223631
6622,47.934589919726626
6623,47.35152685031479
6624,17.391673291601965
6625,43.44028907364118
6626,24.772003527467557
6627,28.696966973980118
6628,50.73186752869802
6629,32.83364605325635
6630,33.51939048048293
6631,25.86127637138774
6632,45.674503080465044
6633,23.267001208306784
6634,34.852193060941396
6635,50.11354646251989
6636,22.44954457817008
6637,22.656600890484228
6638,29.33902681844656
6639,29.592913052424226
6640,12.794307907869111
6641,18.820288302031173
6642,35.53822378012589
6643,33.54640741820194
6644,49.91149998666065
6645,51.126981390083614
6646,17.73134394810006
6647,26.688251063787796
6648,46.325709629299006
6649,46.778192532880155
6650,44.13385984005554
6651,19.13448060447024
6652,41.32382693223631
6653,40.68644804691976
6654,20.408325612646223
6655,43.71369842479331
6656,27.54139237741761
6657,41.32382693223631
6658,42.49104465495898
6659,34.135581560072225
6660,34.37514096246812
6661,40.78955924417899
6662,48.75771936794851
6663,47.71315632943736
6664,33.45818986835332
6665,41.261915546075684
6666,15.652264387396464
6667,64.2527853799084
6668,49.67840133125438
6669,35.565140803467514
6670,15.969893691517541
6671,37.94164268718336
6672,19.875868878428854
6673,52.29728612626684
6674,50.114140733174665
6675,34.68227434589992
6676,40.78955924417899
6677,33.73337348299589
6678,28.142138360374965
6679,38.25070400392058
6680,33.29482984745355
6681,16.93892601830274
6682,21.708269192162984
6683,36.39199685231541
6684,48.487168970508804
6685,66.42089405486855
6686,41.32382693223631
6687,50.74065129862082
6688,54.339200222489964
6689,21.70354138589366
6690,18.659866618452405
6691,26.643315825137343
6692,40.46834844119049
6693,49.43847052328215
6694,41.94673780830551
6695,47.934589919726626
6696,37.7802466536633
6697,54.666917489856424
6698,41.16297785702801
6699,41.71027614211
6700,23.994448482760262
6701,19.039636295544774
6702,54.96856289402276
6703,33.15445349434653
6704,51.940029389433015
6705,47.934589919726626
6706,16.260700627701176
6707,20.132562370736334
6708,27.66508879555113
6709,44.13385984005554
6710,17.834860816118656
6711,19.918648926105224
6712,17.724202121730734
6713,30.097564791203737
6714,41.25157907250723
6715,22.31674101434738
6716,36.404475983551215
6717,39.65103270059319
6718,33.747109449879694
6719,30.097564791203737
6720,60.357920522394764
6721,24.611405836321282
6722,17.52368015871887
6723,51.8739179178604
6724,34.803479462842816
6725,26.51217820442972
6726,34.9979422602885
6727,32.88607074391917
6728,48.6063633016777
6729,39.87456649163859
6730,45.845459554420906
6731,26.767109451591658
6732,45.18017209969134
6733,33.73337348299589
6734,40.77977745318076
6735,27.24874426001379
6736,21.48311397830797
6737,40.149105121304046
6738,38.42501519750596
6739,50.62344996665763
6740,51.36321275644956
6741,19.875868878428854
6742,43.821436853217214
6743,46.02095578009282
6744,42.52591101115066
6745,35.339433868137505
6746,32.96019118351341
6747,18.24147608412038
6748,21.70354138589366
6749,54.666917489856424
6750,30.94733553990816
6751,42.62013021618752
6752,37.9142153453809
6753,18.618503594720835
6754,24.036117347394146
6755,39.135722909379695
6756,46.6354482247894
6757,33.61625572361967
6758,34.7334349936046
6759,35.39790173170514
6760,36.204714025042634
6761,28.22962406700742
6762,39.87018946064284
6763,39.84915058476896
6764,24.051229168960862
6765,22.241682679273325
6766,31.600788480147656
6767,61.25601058590892
6768,43.74251215986092
6769,31.65283553986366
6770,34.5369377202497
6771,43.71928378677765
6772,48.06462281756118
6773,33.43947186467354
6774,26.944763376325778
6775,38.08441171677456
6776,17.903703100152505
6777,33.86980418225595
6778,45.57684970355217
6779,44.52038923745367
6780,16.979690432585073
6781,60.9911037986355
6782,33.947935073099316
6783,28.45427402562229
6784,19.045874205073417
6785,18.386357683401876
6786,45.7943498036496
6787,40.76742681652478
6788,21.083968760462273
6789,40.690759033124316
6790,33.419248550559125
6791,43.9702480990734
6792,33.52019319678297
6793,32.24397878581049
6794,48.524864738335204
6795,39.75879036720016
6796,22.17932891341846
6797,19.598859358910964
6798,16.957242586676884
6799,35.649335676009535
6800,37.24361270663404
6801,58.865256847327764
6802,29.82327008571949
6803,46.81490139085131
6804,60.357920522394764
6805,17.80185905054644
6806,28.847777148436926
6807,31.822970204425943
6808,53.128534597637696
6809,34.48919974097668
6810,29.612997543553305
6811,19.540274965601903
6812,33.09194488444456
6813,36.6257292027963
6814,39.23524910447675
6815,20.14155847720718
6816,14.499892966535079
6817,33.64168413463988
6818,20.645330085971203
6819,31.627264667625063
6820,30.94733553990816
6821,36.25523799203773
6822,25.289563739474655
6823,35.63647105589415
6824,37.5765267763347
6825,36.068691668434134
6826,21.415724627267295
6827,21.405431769260417
6828,30.097564791203737
6829,57.41687188994196
6830,54.26632130188611
6831,32.02021542736171
6832,57.186358073359926
6833,50.682921532120055
6834,54.20677831704935
6835,24.825813034911906
6836,32.406393494528075
6837,60.50314768290887
6838,17.391673291601965
6839,39.710134300868326
6840,20.236096064019236
6841,29.42027477892192
6842,40.78955924417899
6843,41.09555753644803
6844,35.91378081220208
6845,25.55493097949984
6846,30.777797886829955
6847,22.059301657668286
6848,33.65129713671666
6849,49.74910824824241
6850,22.28719121936273
6851,22.91691557532499
6852,34.42798266546799
6853,30.63518958941138
6854,42.24218307707152
6855,50.157530682897956
6856,37.71785692243613
6857,35.65506480567938
6858,32.586867155169955
6859,27.603999357746662
6860,33.638658023557184
6861,30.21013411911872
6862,48.22820288759997
6863,21.4991695986439
6864,47.19773764059324
6865,41.53249808012254
6866,47.80022794118675
6867,19.46816375685392
6868,29.921846697195186
6869,29.533952901940946
6870,27.069962885856604
6871,45.36475154360348
6872,46.94877779868992
6873,36.44736528104583
6874,39.5691889986723
6875,35.26366799399851
6876,31.93829184806954
6877,21.016234951211374
6878,45.845459554420906
6879,24.015425559062166
6880,37.94164268718336
6881,35.93621064676517
6882,30.79116982016359
6883,15.969893691517541
6884,29.424160914383112
6885,36.08161207548933
6886,29.772557949297994
6887,44.59154251989365
6888,43.5440090034724
6889,58.799283582725465
6890,62.94438509526647
6891,37.67533768373253
6892,39.5691889986723
6893,37.24361270663404
6894,31.600788480147656
6895,44.05389060237791
6896,20.895202203326868
6897,33.65129713671666
6898,38.67856608264566
6899,26.09541967080665
6900,27.593214203162802
6901,18.07750860819303
6902,43.9702480990734
6903,27.67908552613582
6904,35.00016516513495
6905,39.13641245094082
6906,38.519830340259205
6907,24.60113367701973
6908,31.65283553986366
6909,23.949308296810823
6910,31.18567799495468
6911,34.89217229815465
6912,45.358694207496676
6913,21.708269192162984
6914,50.11354646251989
6915,33.83876926168816
6916,33.70061369812862
6917,25.903209602445763
6918,18.032066600679872
6919,38.852973965758665
6920,28.971256986866116
6921,40.86092162053091
6922,36.85359688817224
6923,19.875868878428854
6924,49.938528668592326
6925,36.84061436848252
6926,28.425441443267367
6927,37.83070663135666
6928,40.26774767382682
6929,48.82207882387434
6930,41.307929750906155
6931,23.613336499201434
6932,38.70941709862241
6933,34.1770507349854
6934,31.65283553986366
6935,33.81307891874381
6936,24.579378025798515
6937,20.950479725303893
6938,56.461669751075085
6939,33.79593009489514
6940,27.9684304181
6941,18.53410429408907
6942,22.01748573725113
6943,36.3005923093738
6944,51.64167381905981
6945,32.04736339207052
6946,48.97436486403044
6947,59.40849127338113
6948,33.49003160551345
6949,16.71568407447181
6950,45.67544711296732
6951,34.767416960781006
6952,33.82865030825777
6953,45.84806436327247
6954,33.214419152529835
6955,56.71678145849557
6956,31.799026183624925
6957,20.166820185751387
6958,45.34999185570336
6959,19.966266337779427
6960,43.765711055718235
6961,45.31129064654792
6962,19.13448060447024
6963,33.58739211044955
6964,51.35093246073848
6965,38.6234945625167
6966,43.957025917323676
6967,51.02932892683304
6968,36.8527709454712
6969,29.905163455938872
6970,35.376853320209946
6971,31.65283553986366
6972,35.47882506723596
6973,57.37892568079096
6974,30.097564791203737
6975,24.928645258999893
6976,46.58145303953493
6977,38.67856608264566
6978,23.816491360459736
6979,49.55296352452907
6980,15.61430036180186
6981,23.917479908923312
6982,43.313386200770246
6983,35.37091335264965
6984,35.30325585532809
6985,35.39381797954241
6986,27.60977023770834
6987,58.3036965006534
6988,43.51768283655609
6989,43.4155950916608
6990,29.93342426676763
6991,44.85167322518423
6992,57.46570031885448
6993,37.47320636294636
6994,38.722603355140706
6995,59.94203373855359
6996,20.558974004719662
6997,44.26011950541091
6998,56.86267844803416
6999,20.558974004719662
7000,45.31129064654792
7001,22.078049137362804
7002,25.645978353242693
7003,32.685296345733775
7004,33.13175345800224
7005,21.70354138589366
7006,30.142511407987712
7007,45.928971822664884
7008,41.23535584176924
7009,24.60113367701973
7010,40.33979131980407
7011,25.883417743009414
7012,48.322652805140535
7013,38.84813623252902
7014,52.169427913349836
7015,34.60821391665324
7016,44.61816911385131
7017,45.845459554420906
7018,57.98680330663772
7019,51.69364046334267
7020,19.188487130815304
7021,26.362879214095674
7022,27.865175257499054
7023,39.42353357275903
7024,31.524185977269468
7025,35.65506480567938
7026,38.08441171677456
7027,23.816491360459736
7028,33.50418473317641
7029,33.214419152529835
7030,20.895202203326868
7031,40.76742681652478
7032,46.778192532880155
7033,34.35078168350775
7034,19.56423522366721
7035,26.12506523357177
7036,24.61766952894908
7037,35.30325585532809
7038,20.013401963593743
7039,30.097564791203737
7040,43.34968299795259
7041,38.60476698359661
7042,32.110395634850775
7043,31.213666549027593
7044,45.770537613147766
7045,32.69926973237199
7046,32.110395634850775
7047,37.98656978828861
7048,58.865256847327764
7049,42.52591101115066
7050,29.437166451494882
7051,49.843807130890994
7052,27.660793705100716
7053,35.65506480567938
7054,21.70354138589366
7055,21.432904493816274
7056,28.22962406700742
7057,20.895202203326868
7058,46.82206644887576
7059,32.13456210696838
7060,49.96351901017775
7061,45.845459554420906
7062,45.29419944378523
7063,51.5989446204247
7064,41.81689003028672
7065,23.412370309785274
7066,38.616302429963675
7067,46.322897609205555
7068,34.10058690228149
7069,21.219248879427596
7070,23.46619331579121
7071,31.58695380019607
7072,46.580631571253384
7073,54.4238639581526
7074,34.72795084090772
7075,45.839180815630456
7076,33.947935073099316
7077,54.097622184688426
7078,26.078026870125925
7079,37.842549823351334
7080,33.419248550559125
7081,36.239248711745034
7082,40.78955924417899
7083,41.050929100690226
7084,38.808496585608886
7085,30.342803613189066
7086,41.420932666759576
7087,44.51806128827736
7088,35.377043164259796
7089,35.377043164259796
7090,22.954392225956763
7091,20.22925656886733
7092,31.823343293523905
7093,31.68291129365103
7094,39.5691889986723
7095,50.513683806541394
7096,32.69926973237199
7097,36.812839726618
7098,40.78955924417899
7099,47.3937458736833
7100,23.385574030626316
7101,33.17749344685116
7102,32.1233063598819
7103,39.92518442247646
7104,40.63411626202116
7105,21.708269192162984
7106,35.8936269940627
7107,36.187125924859096
7108,44.143514396401756
7109,45.16757755921513
7110,59.99522025769254
7111,39.65103270059319
7112,44.84706095751376
7113,36.28435708750782
7114,23.267498400284335
7115,19.42856041658395
7116,51.4149953853449
7117,25.37539203243776
7118,23.759472904756013
7119,20.224306317753786
7120,50.3296552906864
7121,35.19348635485428
7122,24.27420236020634
7123,54.69200110700447
7124,33.282420720116505
7125,51.4149953853449
7126,40.16845537585952
7127,48.613801127752346
7128,23.267498400284335
7129,32.110395634850775
7130,44.562115026013714
7131,51.7473274899308
7132,35.00016516513495
7133,32.927404481365805
7134,45.39135961036312
7135,39.426014943433195
7136,50.83428265780974
7137,25.775736305676983
7138,57.51743481315207
7139,35.61208427831886
7140,33.29674286928402
7141,33.95118525679567
7142,65.22860918654243
7143,30.49098601209898
7144,34.88832453133501
7145,21.219248879427596
7146,45.34999185570336
7147,32.88056266814153
7148,33.71418940094029
7149,34.27848247602835
7150,46.02095578009282
7151,37.046712410673564
7152,16.957242586676884
7153,20.38409612026666
7154,27.60977023770834
7155,52.45538560092001
7156,61.02767176641364
7157,43.9702480990734
7158,54.867622008421066
7159,33.18311435472093
7160,49.3629389230628
7161,38.92948264274726
7162,35.377043164259796
7163,44.3594797049553
7164,39.426014943433195
7165,42.76766769065885
7166,32.54231124191652
7167,29.437166451494882
7168,38.19071549873347
7169,31.65283553986366
7170,48.179357261382464
7171,34.22889387286226
7172,45.20647445934803
7173,49.6162857041682
7174,45.67544711296732
7175,56.78598893283327
7176,43.785995296169226
7177,40.78955924417899
7178,25.781416519166182
7179,44.62309674241274
7180,22.40565745460247
7181,32.78071439966486
7182,43.86771114916859
7183,31.55090295165142
7184,21.049581116393114
7185,67.5403023125286
7186,35.76248316736318
7187,46.580631571253384
7188,27.838925305295938
7189,21.708269192162984
7190,27.69812688546827
7191,31.65283553986366
7192,51.3705227411565
7193,43.39777361112479
7194,39.90587166632065
7195,28.22962406700742
7196,51.355132048526336
7197,35.31342935275896
7198,44.7583979930767
7199,35.03515665625094
7200,43.47911474189806
7201,44.995195106059064
7202,32.78071439966486
7203,33.15089074996569
7204,17.840959623671143
7205,24.72522491118478
7206,18.209622243345425
7207,48.85354450565357
7208,34.23500121831834
7209,36.0909075658868
7210,58.658650813090816
7211,23.487467552858078
7212,35.72920198647454
7213,16.056469641723034
7214,33.70061369812862
7215,33.45048417030515
7216,20.012662857490803
7217,55.799296160035475
7218,31.32408319487412
7219,28.971256986866116
7220,18.172832207567346
7221,33.947935073099316
7222,33.64106169219818
7223,38.69412719062978
7224,46.07264754676122
7225,24.35173621270807
7226,35.565140803467514
7227,26.676336057200583
7228,25.645978353242693
7229,25.37539203243776
7230,30.342803613189066
7231,44.84649054258562
7232,42.262920139574135
7233,24.061217781381732
7234,16.957242586676884
7235,35.65673337827067
7236,44.760859366482734
7237,24.837680964435286
7238,33.275678078252824
7239,47.14631668884464
7240,23.759472904756013
7241,24.91599564943566
7242,53.186545500356665
7243,20.147974102596507
7244,35.42643165268472
7245,46.57217975674086
7246,18.89851916255718
7247,46.00017198701912
7248,33.99459220405167
7249,47.71315632943736
7250,47.08545423583908
7251,25.37539203243776
7252,41.84094805641678
7253,47.11117391661994
7254,26.176521821059332
7255,44.85167322518423
7256,53.95242253346983
7257,37.77483303484375
7258,54.41088744915095
7259,51.940029389433015
7260,21.622809994791865
7261,43.066802654012506
7262,35.51222112286049
7263,60.50314768290887
7264,35.924423151531144
7265,32.625214627108726
7266,50.114140733174665
7267,44.61816911385131
7268,45.67544711296732
7269,27.58942597800481
7270,39.66027344079877
7271,54.32800020546878
7272,16.468684947208807
7273,33.22413442358413
7274,32.222995149454235
7275,44.38021229028043
7276,53.94009173240054
7277,44.3594797049553
7278,51.48274289979841
7279,40.44540775220216
7280,34.05522724532549
7281,45.64022628727133
7282,46.94877779868992
7283,30.409164267089224
7284,33.51939048048293
7285,33.64168413463988
7286,35.786840732099805
7287,22.49552247186255
7288,35.19716542552015
7289,30.008467354088573
7290,48.531295246196684
7291,44.13385984005554
7292,27.35660451755687
7293,41.21668925890227
7294,30.965403042329655
7295,29.917704872451914
7296,21.69475097301475
7297,35.377043164259796
7298,40.030657982382635
7299,19.88110107040822
7300,32.37429024000343
7301,36.551470925813284
7302,35.520487266896005
7303,36.81651095979989
7304,54.95469059390943
7305,39.5691889986723
7306,16.807523910569984
7307,29.109634363639074
7308,45.67544711296732
7309,38.67856608264566
7310,40.76742681652478
7311,43.42235539655352
7312,50.06448356628496
7313,24.893656008037638
7314,28.717502818059337
7315,26.13773187367339
7316,28.02768644982536
7317,40.33979131980407
7318,35.5464044210587
7319,37.225939976107725
7320,35.93621064676517
7321,39.39673835725944
7322,53.19255688118567
7323,31.298575967243387
7324,33.22009185838982
7325,24.811733565902106
7326,39.5691889986723
7327,37.400507737915866
7328,23.816491360459736
7329,39.65103270059319
7330,19.46345592580284
7331,35.65506480567938
7332,33.648701043917306
7333,41.25156579735848
7334,22.28719121936273
7335,39.5691889986723
7336,20.736709920116603
7337,16.03063494872056
7338,23.44326280270177
7339,32.95571042651685
7340,24.216798887720124
7341,46.778192532880155
7342,41.375631154082036
7343,50.70276587924956
7344,27.557852038807994
7345,48.487168970508804
7346,24.041188408869502
7347,32.69926973237199
7348,61.57397482602025
7349,19.452428653071177
7350,16.979690432585073
7351,17.3817758210659
7352,36.204714025042634
7353,34.53718773236408
7354,34.43253547386514
7355,49.67840133125438
7356,40.597111019721495
7357,37.60887661809708
7358,29.992854529548115
7359,33.45048417030515
7360,31.600788480147656
7361,48.766811249381064
7362,35.565140803467514
7363,44.61816911385131
7364,65.42223469872175
7365,26.420971251622063
7366,45.81222368128765
7367,52.97066002914197
7368,18.32495305525789
7369,33.59007880213397
7370,23.587700312217844
7371,38.67856608264566
7372,37.24361270663404
7373,19.04648387544011
7374,15.652264387396464
7375,34.78305965019658
7376,32.170451782680836
7377,46.27040149693755
7378,33.54981269349861
7379,21.70354138589366
7380,21.759231554591295
7381,34.89339606112749
7382,19.13448060447024
7383,44.00631021444564
7384,18.715542977790168
7385,24.78392163889616
7386,38.191851651816286
7387,39.75343758075277
7388,29.437166451494882
7389,35.942503380465595
7390,30.73158389315514
7391,26.29014852993997
7392,23.41033392844568
7393,45.18017209969134
7394,28.425441443267367
7395,33.983004927032894
7396,50.62165858367153
7397,45.023789249973255
7398,46.77331423100668
7399,28.290631053156655
7400,44.65606341441047
7401,34.07586529706251
7402,49.55296352452907
7403,54.49659642131694
7404,16.979690432585073
7405,41.687981216183324
7406,31.65283553986366
7407,44.83925713802833
7408,19.88208580254458
7409,48.55699803428167
7410,22.738215513534747
7411,26.078026870125925
7412,22.17932891341846
7413,34.67771246273795
7414,25.34207325118347
7415,48.903647528403305
7416,34.68127034034575
7417,35.35573345783032
7418,45.67544711296732
7419,27.910574907889348
7420,41.07894131213896
7421,31.016181949486864
7422,37.67533768373253
7423,41.32382693223631
7424,30.816214106400857
7425,25.22647380707951
7426,39.54048901223454
7427,59.2265094501805
7428,33.282420720116505
7429,32.4354252437654
7430,54.52353549829409
7431,46.35395809649947
7432,51.126981390083614
7433,46.582488259017595
7434,61.25601058590892
7435,16.290484692354887
7436,20.91146377539087
7437,19.9761947297441
7438,30.93873248600783
7439,38.92948264274726
7440,33.638658023557184
7441,43.24115419904705
7442,44.53778298237476
7443,45.31129064654792
7444,20.972291956652494
7445,35.60005165163022
7446,20.558974004719662
7447,35.30325585532809
7448,21.708269192162984
7449,21.00396225146694
7450,33.946315265813254
7451,23.587700312217844
7452,30.611718508271295
7453,46.53492086780967
7454,34.9979422602885
7455,33.1570594022657
7456,29.42027477892192
7457,39.44890979477894
7458,49.67840133125438
7459,51.89316514213671
7460,40.76742681652478
7461,59.06695357593161
7462,44.995195106059064
7463,46.87919989093714
7464,44.276988758744935
7465,54.792838586711
7466,18.89851916255718
7467,22.73068459554284
7468,40.78955924417899
7469,44.146684025295784
7470,33.93812651290266
7471,34.938990896080156
7472,54.792838586711
7473,20.114333946847314
7474,34.37514096246812
7475,32.95974032074548
7476,38.67856608264566
7477,30.618509523762075
7478,22.73118383143374
7479,36.60615962748235
7480,32.434346545662365
7481,28.22962406700742
7482,34.894053828685514
7483,46.64303609110398
7484,37.055823542237256
7485,21.708269192162984
7486,19.017950058103004
7487,51.53565582088602
7488,32.83763509067491
7489,27.58942597800481
7490,15.811623464427143
7491,33.50418473317641
7492,36.187125924859096
7493,23.127295619643046
7494,40.7708328763233
7495,47.934589919726626
7496,43.065503004717236
7497,33.94609880826313
7498,30.714545273974807
7499,20.311006376649715
7500,23.587700312217844
7501,32.88607074391917
7502,35.65506480567938
7503,34.430582774230885
7504,18.47465281222536
7505,32.69026170942862
7506,35.65506480567938
7507,32.58311189681769
7508,22.656600890484228
7509,43.408197616022335
7510,38.37365312987329
7511,23.44273741623788
7512,21.126326958134577
7513,43.37841657688857
7514,38.36546683369977
7515,53.48075848006944
7516,31.729885224771444
7517,28.729153967157245
7518,25.063616880094727
7519,33.54981269349861
7520,25.966061169710976
7521,18.80248221766948
7522,19.745857367808682
7523,42.85734837509783
7524,40.494040969843155
7525,34.95482999356841
7526,15.272565306494617
7527,33.65129713671666
7528,39.87456649163859
7529,23.613336499201434
7530,23.36099041088188
7531,22.249699452047267
7532,37.60423491843727
7533,37.4987539458008
7534,46.00017198701912
7535,41.935997198504396
7536,25.31373503567619
7537,21.70354138589366
7538,54.26632130188611
7539,35.73313990439644
7540,37.05773304456386
7541,16.260700627701176
7542,19.393134633004458
7543,32.10689598810528
7544,52.52129697988527
7545,45.610505862969696
7546,22.515617541118853
7547,15.973550124799289
7548,38.32326370808788
7549,23.816491360459736
7550,16.03063494872056
7551,44.480151232087415
7552,51.64167381905981
7553,39.56487271358867
7554,43.41026911219621
7555,54.43415478945406
7556,41.26234838225725
7557,41.70954640744251
7558,30.964042849997576
7559,29.5747653723936
7560,46.45066568896872
7561,28.41192179723472
7562,48.2530521896136
7563,32.886812857472066
7564,39.72375077521845
7565,19.017950058103004
7566,24.835962176584676
7567,34.42798266546799
7568,55.5444873291373
7569,25.416036445564544
7570,23.71013204270853
7571,41.25156579735848
7572,34.505744277089015
7573,60.50314768290887
7574,47.74133427216352
7575,38.62578283587969
7576,20.73102257794405
7577,29.16630782841822
7578,43.71139256445222
7579,23.44273741623788
7580,21.734208997743913
7581,33.45048417030515
7582,39.65103270059319
7583,33.947935073099316
7584,48.41125111219955
7585,50.96382157269489
7586,32.163757062604994
7587,26.37461992761257
7588,47.811607184248366
7589,24.118078105730586
7590,49.20483204747481
7591,31.822970204425943
7592,23.816491360459736
7593,49.33690631792952
7594,38.76434890962178
7595,30.410669383359867
7596,48.50907157600815
7597,49.079822975337436
7598,33.722904618591144
7599,26.767109451591658
7600,41.19112581875607
7601,34.09181074767645
7602,30.70784114315283
7603,32.76872694997975
7604,49.974082841757046
7605,19.91202636767572
7606,35.1404692448181
7607,27.60977023770834
7608,49.67840133125438
7609,51.29271399840206
7610,31.65283553986366
7611,48.35441693990211
7612,33.463555307000526
7613,28.923009925910968
7614,29.551967718597034
7615,21.708269192162984
7616,45.31129064654792
7617,32.872051168446276
7618,40.954226370414865
7619,34.049167990039884
7620,28.26051749417995
7621,43.44028907364118
7622,26.44389787903758
7623,35.65506480567938
7624,18.840572547264657
7625,41.878687283382575
7626,41.585002593637704
7627,36.187125924859096
7628,30.79116982016359
7629,32.417029145369334
7630,20.73281819816286
7631,33.70181928405109
7632,35.786840732099805
7633,15.969893691517541
7634,32.38570132819734
7635,25.81274188362136
7636,39.48289529117656
7637,44.85167322518423
7638,21.590513647063442
7639,32.886812857472066
7640,27.58942597800481
7641,20.895202203326868
7642,40.33979131980407
7643,44.85167322518423
7644,41.07176144893592
7645,22.891147023559117
7646,21.568779603473864
7647,33.70181928405109
7648,36.16500249454842
7649,15.24555706205873
7650,49.91149998666065
7651,26.324167439759734
7652,16.653976249377926
7653,34.230096859433615
7654,44.304723521360934
7655,39.38903006994359
7656,42.233221785847995
7657,42.727499437313774
7658,31.237551035822282
7659,42.267090684456846
7660,39.26092514980922
7661,35.31044060187469
7662,37.70875601917464
7663,35.703699567146025
7664,23.041415140036435
7665,32.20035222900506
7666,34.35078168350775
7667,19.15033234229288
7668,54.26632130188611
7669,31.983642736408747
7670,35.30325585532809
7671,14.439473801227535
7672,42.52043231302709
7673,17.27834359347582
7674,30.22015510748593
7675,18.206032906425264
7676,23.804811768979736
7677,26.421170350058148
7678,34.943224966297116
7679,45.845459554420906
7680,40.33979131980407
7681,35.53822378012589
7682,32.82997438644799
7683,34.42798266546799
7684,32.773261625082135
7685,32.363561785521654
7686,31.689194258308994
7687,25.62863856559713
7688,24.693452053865713
7689,26.511911720558075
7690,36.11962672179945
7691,20.114333946847314
7692,44.010139350040454
7693,36.812839726618
7694,28.12449585572777
7695,36.478870221040886
7696,51.517337003171946
7697,33.502725153966495
7698,44.2371797791514
7699,48.55699803428167
7700,46.504871080983456
7701,39.87456649163859
7702,34.487207255376966
7703,42.59050181323656
7704,20.3280025513287
7705,31.524185977269468
7706,50.57577293871536
7707,42.24218307707152
7708,32.886812857472066
7709,33.712220922367834
7710,30.79116982016359
7711,32.58311189681769
7712,57.37892568079096
7713,28.68875057764313
7714,32.11344100340169
7715,33.797231368432364
7716,26.803680884664022
7717,22.078049137362804
7718,55.71579471762424
7719,14.439473801227535
7720,45.29939466631847
7721,19.931976401587537
7722,44.143514396401756
7723,32.13456210696838
7724,32.295326710719344
7725,16.807523910569984
7726,41.84094805641678
7727,33.28038384459537
7728,48.524918984667146
7729,51.4149953853449
7730,35.65506480567938
7731,45.66429893569156
7732,29.623854775679177
7733,57.97907669224047
7734,19.13448060447024
7735,27.35609641635207
7736,20.455544578894763
7737,54.26632130188611
7738,57.186358073359926
7739,44.91763354148742
7740,34.41964101058123
7741,22.39086962249459
7742,33.94609880826313
7743,36.824766876665365
7744,35.65506480567938
7745,26.362879214095674
7746,15.093476086904403
7747,30.409164267089224
7748,27.75929914233854
7749,40.95493923626046
7750,32.295326710719344
7751,33.24924425826653
7752,34.35078168350775
7753,24.78392163889616
7754,39.620457494109104
7755,42.764837960316804
7756,41.26540758451813
7757,31.65283553986366
7758,44.61816911385131
7759,36.759277483424235
7760,48.10120511345833
7761,48.29681407801231
7762,51.4149953853449
7763,19.966266337779427
7764,57.41687188994196
7765,30.7863263855526
7766,40.33979131980407
7767,40.61046675998616
7768,35.565140803467514
7769,33.73342383716509
7770,33.49450077886387
7771,32.01897327269728
7772,49.32331392883418
7773,35.163815889241945
7774,47.28119848250501
7775,41.32382693223631
7776,35.21680741176081
7777,35.53822378012589
7778,22.69057437411388
7779,31.735202933096907
7780,20.14155847720718
7781,30.79116982016359
7782,50.70276587924956
7783,22.078049137362804
7784,31.65283553986366
7785,52.41887557865278
7786,39.8666616872585
7787,41.26234838225725
7788,42.90118703879207
7789,31.65283553986366
7790,19.46345592580284
7791,38.7687343129457
7792,50.17034105750334
7793,34.3138000968223
7794,24.49765833328136
7795,40.589783545260815
7796,65.19862172027403
7797,42.61246840354995
7798,23.678452961765444
7799,19.42856041658395
7800,42.727499437313774
7801,23.613336499201434
7802,19.49549995201025
7803,44.85167322518423
7804,39.28441551744139
7805,35.63099261085301
7806,30.097564791203737
7807,19.13448060447024
7808,43.39777361112479
7809,37.721962024994646
7810,31.237551035822282
7811,36.25812288400583
7812,23.557612293437217
7813,22.144013997943503
7814,33.79086353419746
7815,41.78032545040716
7816,25.903209602445763
7817,33.63520286310218
7818,27.926591310272116
7819,45.31129064654792
7820,46.712451298702575
7821,22.241682679273325
7822,55.17792164350526
7823,20.14155847720718
7824,50.53681243298369
7825,20.157568544838018
7826,61.41752484169186
7827,19.98512767827335
7828,37.90232990223962
7829,16.871230722618478
7830,49.91149998666065
7831,20.27280787601137
7832,32.886812857472066
7833,35.703699567146025
7834,44.61816911385131
7835,29.592913052424226
7836,57.98680330663772
7837,18.77567994848518
7838,28.78524822522975
7839,35.69056622708325
7840,27.35609641635207
7841,15.975309781402103
7842,22.15961382461295
7843,17.531654623481487
7844,36.41561801688054
7845,54.31478444501536
7846,33.463555307000526
7847,34.420266202492556
7848,18.710635438976226
7849,24.510110643063353
7850,26.277572199856994
7851,32.4354252437654
7852,35.63099261085301
7853,38.67856608264566
7854,33.33600821877739
7855,58.84053593299158
7856,30.342803613189066
7857,25.653654169996898
7858,31.67291069904953
7859,48.531295246196684
7860,17.903703100152505
7861,35.21730127043796
7862,32.66306645745987
7863,20.31772310465496
7864,26.810839997249786
7865,19.736656661045195
7866,35.61053916270592
7867,32.11344100340169
7868,29.921846697195186
7869,20.107616687776027
7870,29.437166451494882
7871,15.873774068121815
7872,38.18470423611486
7873,35.50694566080035
7874,35.05330608549306
7875,50.82568342436888
7876,31.65283553986366
7877,18.061023059911722
7878,19.46345592580284
7879,19.918648926105224
7880,22.608378670231232
7881,26.18078381264128
7882,33.2165809490747
7883,45.53248283796825
7884,24.872163997093782
7885,43.9702480990734
7886,20.14155847720718
7887,36.44736528104583
7888,35.21763235412112
7889,33.728618057759384
7890,51.41950134955418
7891,35.76123422108252
7892,28.36920607944446
7893,33.214419152529835
7894,37.745903271499245
7895,48.74930825265716
7896,51.33013958922399
7897,42.85734837509783
7898,42.591458094114834
7899,15.045283077844491
7900,21.70354138589366
7901,36.3107518522149
7902,29.917704872451914
7903,16.988689688273567
7904,49.89684365750715
7905,49.607478170120714
7906,35.565140803467514
7907,57.10578062934792
7908,34.22889387286226
7909,35.65506480567938
7910,51.21321872295268
7911,21.708269192162984
7912,49.207789554798026
7913,31.65283553986366
7914,26.111752281593642
7915,29.22112764575858
7916,51.126981390083614
7917,33.208665982035086
7918,44.480151232087415
7919,37.986767393722104
7920,22.95276317910626
7921,36.27149704781111
7922,48.22820288759997
7923,39.5691889986723
7924,41.772071488711916
7925,45.53248283796825
7926,48.55699803428167
7927,30.94733553990816
7928,31.844670785706978
7929,45.05512945729421
7930,32.21599419584583
7931,54.26632130188611
7932,44.2371797791514
7933,19.46345592580284
7934,35.42319899633562
7935,30.666375897297954
7936,54.4238639581526
7937,19.13448060447024
7938,54.792838586711
7939,33.51939048048293
7940,35.377043164259796
7941,20.290666071330115
7942,35.054561142963486
7943,38.67856608264566
7944,18.17496517918239
7945,46.778192532880155
7946,33.50418473317641
7947,17.86791221515437
7948,48.487168970508804
7949,23.597513218571645
7950,46.544957052514526
7951,21.588125484296746
7952,17.840959623671143
7953,55.17792164350526
7954,34.5369377202497
7955,37.94164268718336
7956,41.53249808012254
7957,18.89851916255718
7958,49.207789554798026
7959,15.378674708293847
7960,54.4238639581526
7961,33.419248550559125
7962,16.85537481581659
7963,43.16042877512124
7964,36.674390459468015
7965,40.617043759144636
7966,40.03857459168339
7967,16.957242586676884
7968,23.762439735608382
7969,36.60615962748235
7970,46.94877779868992
7971,34.27533771874855
7972,26.45923632992288
7973,41.53249808012254
7974,51.53565582088602
7975,35.91646914828323
7976,44.75488690233859
7977,32.10152293841133
7978,45.89418433404233
7979,15.924748833288
7980,16.957242586676884
7981,31.237551035822282
7982,32.90014871486171
7983,29.947166041065948
7984,18.682402375516926
7985,45.31129064654792
7986,36.81617624805424
7987,51.36321275644956
7988,37.292590329329855
7989,35.30325585532809
7990,22.17932891341846
7991,22.618955256474823
7992,21.41456841074722
7993,54.80948390527597
7994,45.845459554420906
7995,27.839519762233635
7996,36.88650388717623
7997,45.015507496999355
7998,43.9810198520127
7999,35.062974634564995
8000,17.80185905054644
8001,28.22962406700742
8002,43.57459284517423
8003,32.853788703373716
8004,34.67771246273795
8005,41.32382693223631
8006,55.89050445143506
8007,19.966266337779427
8008,31.85250805956524
8009,13.58347503789593
8010,49.91149998666065
8011,16.979690432585073
8012,33.463555307000526
8013,31.871814606583623
8014,30.79116982016359
8015,16.871230722618478
8016,40.447010603528874
8017,36.752498086841925
8018,35.08468545078398
8019,19.01284245304573
8020,27.66694597018345
8021,43.99156633648675
8022,32.04072478628578
8023,34.85538510615423
8024,21.70354138589366
8025,33.389210712846484
8026,58.13548190862349
8027,29.437166451494882
8028,41.31020382057922
8029,22.486535584468182
8030,44.12660814055606
8031,28.696966973980118
8032,28.44942834449996
8033,32.31060466535783
8034,44.2371797791514
8035,21.062398839368175
8036,47.170896017796146
8037,47.724686681711916
8038,21.348624437813157
8039,36.8527709454712
8040,52.28198481851214
8041,22.740700453189778
8042,45.7943498036496
8043,23.816491360459736
8044,35.765917235762686
8045,36.46805933913211
8046,32.257652833049136
8047,54.57783491446952
8048,42.85734837509783
8049,23.477916653758076
8050,37.759665428528905
8051,35.520487266896005
8052,27.58942597800481
8053,38.11189207130853
8054,57.97907669224047
8055,49.43051434146291
8056,24.693452053865713
8057,33.54981269349861
8058,17.972094727238247
8059,34.075205158162724
8060,46.39140198396575
8061,35.05666245473107
8062,43.17621108406369
8063,48.06462281756118
8064,34.77006229950571
8065,40.16845537585952
8066,24.693452053865713
8067,36.204714025042634
8068,36.481177530024596
8069,41.84094805641678
8070,25.063616880094727
8071,48.12499040788885
8072,57.97907669224047
8073,44.85167322518423
8074,44.61816911385131
8075,26.277195346114013
8076,29.921846697195186
8077,22.241682679273325
8078,23.63703044425459
8079,23.31076539890021
8080,43.71928378677765
8081,34.06322860625694
8082,40.78955924417899
8083,41.549007807043225
8084,46.261116861279056
8085,30.917849739620777
8086,18.355142780392796
8087,33.463555307000526
8088,30.342803613189066
8089,23.31076539890021
8090,41.49943931257644
8091,46.786149265882855
8092,29.437166451494882
8093,48.06462281756118
8094,43.44028907364118
8095,30.92980042070295
8096,17.85945717139854
8097,21.70354138589366
8098,31.65283553986366
8099,24.423718939357894
8100,39.50496320171902
8101,35.2291434789987
8102,20.895202203326868
8103,50.06390025267653
8104,50.4550172001826
8105,28.048577774415865
8106,39.839554612362164
8107,45.19472329607331
8108,47.08545423583908
8109,17.80185905054644
8110,33.65129713671666
8111,39.82266880695786
8112,55.084948594896844
8113,40.64333148703679
8114,32.47802800020342
8115,45.31129064654792
8116,43.67828514128351
8117,20.667773754207513
8118,35.93621064676517
8119,54.49896114913874
8120,33.638658023557184
8121,17.340717952726532
8122,29.098962082276635
8123,45.455137748027
8124,28.19611431313605
8125,32.11344100340169
8126,27.35660451755687
8127,37.44177464165301
8128,35.37109748852233
8129,57.41687188994196
8130,33.33782685558994
8131,35.377043164259796
8132,18.983567647820422
8133,28.02768644982536
8134,23.121099185290245
8135,20.895202203326868
8136,32.13456210696838
8137,46.98122234587831
8138,41.585002593637704
8139,27.226038687323438
8140,20.38409612026666
8141,30.262575190039414
8142,20.895202203326868
8143,34.0384628624497
8144,42.441160793552115
8145,55.2698201929353
8146,43.47911474189806
8147,50.06448356628496
8148,25.95981890937332
8149,45.33192107132251
8150,47.44858517504988
8151,30.777797886829955
8152,20.75449248687599
8153,20.837993192580672
8154,31.147602326100706
8155,26.13773187367339
8156,36.84061436848252
8157,42.52591101115066
8158,38.1529341135075
8159,25.289563739474655
8160,52.80288605746872
8161,53.63017920455588
8162,55.71579471762424
8163,48.06462281756118
8164,6.029831977364026
8165,28.070547383021882
8166,36.25856338250271
8167,52.79341816350215
8168,30.95320512474759
8169,33.463555307000526
8170,29.17955397726464
8171,49.207789554798026
8172,20.2328808068128
8173,36.56943491618941
8174,38.71613609142331
8175,24.872163997093782
8176,45.18017209969134
8177,23.062226418342423
8178,24.170621981883777
8179,35.2056226826765
8180,50.03541806559927
8181,19.315741235377473
8182,40.78955924417899
8183,23.37311953300804
8184,33.26622740701066
8185,57.51743481315207
8186,25.416036445564544
8187,33.61129038750556
8188,14.439473801227535
8189,18.1333822194631
8190,57.82306688235443
8191,22.25108235435865
8192,28.57663428306123
8193,33.70061369812862
8194,43.86548023561465
8195,28.847162972279975
8196,48.61840102685766
8197,46.68881664186564
8198,50.009515613898614
8199,40.3372716156573
8200,25.271367629525834
8201,49.70123233633116
8202,29.13460774174254
8203,26.048472611593574
8204,48.264509448546384
8205,35.29027770506501
8206,62.25590356340868
8207,57.41687188994196
8208,48.654488227074125
8209,56.431414093204225
8210,65.77159768891464
8211,18.820288302031173
8212,19.46345592580284
8213,37.60423491843727
8214,43.00822707727142
8215,33.370521619414134
8216,35.703699567146025
8217,43.11489667885916
8218,32.188038514507824
8219,33.638658023557184
8220,29.917704872451914
8221,45.7943498036496
8222,30.94733553990816
8223,34.0384628624497
8224,49.542071959635194
8225,32.58311189681769
8226,47.3015647006522
8227,44.69704770457235
8228,31.524185977269468
8229,22.788028633149697
8230,40.315596835608225
8231,38.67856608264566
8232,46.58344216067873
8233,26.419061041875516
8234,44.85167322518423
8235,35.006739001327574
8236,31.689194258308994
8237,35.04349420536353
8238,21.97689881731675
8239,27.63188495505661
8240,48.56133674630623
8241,19.516173469721547
8242,59.62401915182353
8243,35.75174082585624
8244,34.986471552708736
8245,49.085683020611256
8246,36.481177530024596
8247,32.69427994094216
8248,53.45577354406206
8249,26.382258548355956
8250,19.80789258568864
8251,52.52129697988527
8252,45.84173038879714
8253,37.11031077184612
8254,44.85167322518423
8255,37.253707515236464
8256,25.81274188362136
8257,33.463555307000526
8258,42.76047229999309
8259,26.237812525859674
8260,23.976628655836713
8261,48.29681407801231
8262,36.163207490945865
8263,19.46345592580284
8264,37.911071199920755
8265,24.27420236020634
8266,53.87704013269962
8267,48.751537931151475
8268,20.97005628162251
8269,33.54981269349861
8270,27.06620622431049
8271,21.672219575421316
8272,35.279494963559955
8273,21.70354138589366
8274,45.75058863655811
8275,25.25117856024186
8276,39.9124800980939
8277,44.61816911385131
8278,25.416036445564544
8279,12.310659617090764
8280,46.86678129549085
8281,20.579422748556595
8282,24.92553731760501
8283,32.11344100340169
8284,28.883544264018894
8285,23.917479908923312
8286,11.983974332907927
8287,33.947935073099316
8288,28.883544264018894
8289,16.807523910569984
8290,17.775501995602472
8291,21.708269192162984
8292,33.843062134340606
8293,35.21730127043796
8294,36.204714025042634
8295,40.211880116916724
8296,31.99550000056371
8297,42.62013021618752
8298,42.02434659818925
8299,35.53822378012589
8300,21.46587723327982
8301,53.57000495432583
8302,36.49699992969046
8303,32.88607074391917
8304,52.169427913349836
8305,40.63016084169074
8306,35.21730127043796
8307,52.169427913349836
8308,15.920912956768277
8309,35.578391660561465
8310,56.518730292568925
8311,50.54299948673087
8312,31.930133867214202
8313,45.75058863655811
8314,16.838269207572285
8315,31.689194258308994
8316,30.94733553990816
8317,42.410777432140875
8318,36.187125924859096
8319,20.837993192580672
8320,28.040892506155117
8321,43.00822707727142
8322,20.303430083341333
8323,53.61110204908288
8324,47.014474601336374
8325,48.179357261382464
8326,32.32875751360963
8327,30.31333326719533
8328,49.249056853371364
8329,22.483503265530405
8330,18.715542977790168
8331,43.46000723794028
8332,51.36321275644956
8333,54.792838586711
8334,38.84813623252902
8335,40.843914664695696
8336,21.588125484296746
8337,43.33969558585525
8338,30.47457917842637
8339,22.794503781941103
8340,41.995495153783615
8341,26.078026870125925
8342,34.54827223788636
8343,30.700527530623376
8344,45.7943498036496
8345,45.33928477702795
8346,15.61430036180186
8347,34.12143512642648
8348,67.16250153204581
8349,39.964992284206716
8350,24.051229168960862
8351,36.84061436848252
8352,32.932968942102676
8353,44.46376228303803
8354,51.21321872295268
8355,48.62971675890213
8356,41.86700533612734
8357,41.775118572030024
8358,39.94956594216446
8359,37.65674238395931
8360,34.394903113109706
8361,18.822414915052953
8362,49.53367499109571
8363,51.07145545552177
8364,33.5384130531058
8365,16.960774767545768
8366,33.11384597204262
8367,20.696130995759766
8368,44.995195106059064
8369,35.76553939044982
8370,33.638658023557184
8371,56.872799054238676
8372,44.52181666965011
8373,37.34262464650713
8374,48.22820288759997
8375,31.65283553986366
8376,24.825813034911906
8377,31.486526235126597
8378,30.982851483302362
8379,43.47911474189806
8380,36.44736528104583
8381,33.99481032653643
8382,44.38392555724731
8383,25.53989429450735
8384,26.15960005591574
8385,35.63099261085301
8386,40.690759033124316
8387,40.03567691987172
8388,34.14182041592192
8389,35.30325585532809
8390,28.78096748483893
8391,33.54981269349861
8392,65.18723326561194
8393,35.054561142963486
8394,38.36861764390045
8395,45.928971822664884
8396,33.493820263227335
8397,26.351008748949123
8398,36.132150373734056
8399,50.0748211075892
8400,34.37514096246812
8401,37.46656654328698
8402,33.83129685575429
8403,39.18243931470077
8404,19.304985254315703
8405,50.3296552906864
8406,41.53249808012254
8407,43.56438164529331
8408,33.93501537213311
8409,37.670704602883305
8410,35.449558471757584
8411,37.867919149965275
8412,25.86127637138774
8413,40.513356886287454
8414,32.07228210446159
8415,34.06519749828545
8416,39.95962372206637
8417,30.097564791203737
8418,34.15017515619292
8419,45.7455592626208
8420,34.05987972888361
8421,42.36293242532806
8422,47.609904607135306
8423,24.693452053865713
8424,25.22647380707951
8425,34.31454025344662
8426,40.44538519566055
8427,32.38440895828238
8428,32.110395634850775
8429,43.59957352147158
8430,19.465466017394263
8431,32.853851428613225
8432,18.715542977790168
8433,45.52900945299912
8434,33.58071117118871
8435,18.93796530276922
8436,25.087323038820358
8437,52.264967855682606
8438,34.12143512642648
8439,26.92362918313603
8440,28.057431321761722
8441,30.777797886829955
8442,34.480214403247864
8443,21.69475097301475
8444,26.087170440911926
8445,35.65506480567938
8446,50.3296552906864
8447,43.47911474189806
8448,48.658745564399084
8449,21.126326958134577
8450,40.993652930459504
8451,19.57851929220318
8452,45.67544711296732
8453,28.22962406700742
8454,45.232118187928634
8455,53.51514555248242
8456,29.274052095133897
8457,50.151707902211335
8458,19.614405500227335
8459,20.895202203326868
8460,32.76954598618664
8461,44.61816911385131
8462,22.01976065279051
8463,31.65283553986366
8464,40.279692853350895
8465,26.13773187367339
8466,46.94877779868992
8467,31.65283553986366
8468,44.52735768545868
8469,40.40497440754625
8470,35.65506480567938
8471,21.724909271374802
8472,33.70061369812862
8473,34.472099057056134
8474,60.50314768290887
8475,33.638658023557184
8476,23.412370309785274
8477,30.93873248600783
8478,35.703699567146025
8479,13.58347503789593
8480,35.73434181352255
8481,35.703699567146025
8482,44.2371797791514
8483,16.957242586676884
8484,51.01939075706197
8485,35.279494963559955
8486,54.09170866578675
8487,5.525409077603001
8488,50.11734655528734
8489,43.00822707727142
8490,26.83785158355766
8491,33.81966541042188
8492,45.46082522928608
8493,46.00017198701912
8494,23.172238462835736
8495,41.56598700099765
8496,47.73862468195853
8497,42.216483567762445
8498,46.778192532880155
8499,22.078049137362804
8500,36.35496719627981
8501,51.671358037067726
8502,40.16845537585952
8503,22.059301657668286
8504,26.411372746033692
8505,47.56727194585452
8506,44.46560509573454
8507,54.26632130188611
8508,51.36321275644956
8509,56.925061310976375
8510,22.323644753514774
8511,27.23308674938052
8512,32.526766944339144
8513,64.84173785017906
8514,49.191366247235976
8515,21.615837096557055
8516,40.23206618535442
8517,32.406393494528075
8518,23.678452961765444
8519,21.70354138589366
8520,48.54828519644762
8521,36.16224194863424
8522,25.81274188362136
8523,24.693452053865713
8524,44.06312092724507
8525,24.898476643848973
8526,55.262764674396514
8527,31.820010890974316
8528,47.97853245497131
8529,21.70354138589366
8530,46.55852107233348
8531,23.53911311797215
8532,27.564178844615384
8533,22.704342966036144
8534,41.53249808012254
8535,10.891869739696382
8536,45.845459554420906
8537,21.708269192162984
8538,29.2166348179316
8539,34.52498314852204
8540,19.44219050599383
8541,21.133653462001316
8542,35.007796184326274
8543,23.419700732312712
8544,27.60977023770834
8545,53.61110204908288
8546,28.22962406700742
8547,38.78073144213309
8548,20.12719159623332
8549,54.29969295575011
8550,21.113733264024695
8551,48.06462281756118
8552,32.290948757587365
8553,33.74037249954133
8554,29.917704872451914
8555,37.60423491843727
8556,39.87456649163859
8557,46.504871080983456
8558,35.65506480567938
8559,47.74264326213596
8560,19.13448060447024
8561,42.24218307707152
8562,46.02095578009282
8563,31.627264667625063
8564,35.4124806194447
8565,44.83446689444668
8566,18.1333822194631
8567,25.029626582718794
8568,35.65506480567938
8569,43.16902542437078
8570,26.223515596949788
8571,51.650031494045905
8572,27.970902049387103
8573,24.82085921211329
8574,46.37873164263166
8575,43.5440090034724
8576,31.641517016380575
8577,46.07264754676122
8578,41.2226365954358
8579,42.854599605806314
8580,31.95429123095262
8581,39.87456649163859
8582,47.934589919726626
8583,40.030657982382635
8584,33.3875668433294
8585,35.65506480567938
8586,47.19773764059324
8587,39.871389991662305
8588,47.46800516543968
8589,45.845459554420906
8590,26.111752281593642
8591,48.00716614083437
8592,34.54827223788636
8593,28.22962406700742
8594,38.363829743240196
8595,26.342874075776763
8596,22.504553125871862
8597,41.585002593637704
8598,50.57577293871536
8599,35.63647105589415
8600,48.06462281756118
8601,30.79116982016359
8602,18.715542977790168
8603,22.567717586950202
8604,31.86155975454814
8605,49.085683020611256
8606,28.712997462481283
8607,35.497457479494976
8608,26.27680813328972
8609,19.017950058103004
8610,49.99529084385986
8611,65.19862172027403
8612,33.28038384459537
8613,35.1565334652328
8614,60.50314768290887
8615,41.478485645153164
8616,29.97254953070673
8617,49.085683020611256
8618,25.398787664500517
8619,44.562115026013714
8620,53.56785461589276
8621,18.196343015656872
8622,17.85945717139854
8623,29.960608744947972
8624,22.047415942860688
8625,25.670341040854165
8626,37.778519185005116
8627,30.777797886829955
8628,35.53627513638051
8629,19.103070154302223
8630,25.213682538418936
8631,51.36321275644956
8632,34.4688567637736
8633,48.06462281756118
8634,28.622835568862342
8635,65.42223469872175
8636,32.66855280494936
8637,33.18693038193641
8638,37.126985150281925
8639,36.25863808063364
8640,31.65283553986366
8641,34.9979422602885
8642,60.50314768290887
8643,47.35152685031479
8644,44.96144166967851
8645,46.4227359240771
8646,38.38198258777727
8647,47.3015647006522
8648,34.37514096246812
8649,35.15930863359485
8650,22.187554085231053
8651,33.83876926168816
8652,35.279494963559955
8653,22.357943433685243
8654,43.39777361112479
8655,46.65425075451563
8656,34.12143512642648
8657,34.42798266546799
8658,16.921878859615454
8659,25.3598003202732
8660,17.426372544464495
8661,35.11467308704595
8662,34.42798266546799
8663,42.24218307707152
8664,21.558103096375877
8665,44.61816911385131
8666,38.136160861131664
8667,49.624843455812695
8668,48.06462281756118
8669,60.46182677337793
8670,18.503957374800514
8671,34.79078695813096
8672,20.28493862735588
8673,45.75058863655811
8674,46.00017198701912
8675,35.67612265123585
8676,23.917479908923312
8677,48.689652645685804
8678,22.021492400535855
8679,28.02768644982536
8680,22.444298051636434
8681,39.27699787928502
8682,47.99349411239281
8683,34.497497534184234
8684,45.24824303905635
8685,21.415724627267295
8686,30.962144826195914
8687,23.59820678302887
8688,31.974191678374446
8689,32.69926973237199
8690,24.882986576892993
8691,36.132150373734056
8692,46.02095578009282
8693,32.83364605325635
8694,19.039636295544774
8695,33.54981269349861
8696,17.360107650070034
8697,19.966266337779427
8698,31.524185977269468
8699,45.845459554420906
8700,26.43095213782074
8701,31.67898426779221
8702,35.703699567146025
8703,24.90703023835785
8704,44.7583979930767
8705,25.22647380707951
8706,50.75393315530964
8707,38.792602651650526
8708,47.934589919726626
8709,46.582488259017595
8710,42.553745190928346
8711,35.786840732099805
8712,44.13385984005554
8713,33.21564498342674
8714,32.57596059273232
8715,32.853788703373716
8716,22.28719121936273
8717,35.32787767345586
8718,29.727738963450644
8719,15.61430036180186
8720,37.67533768373253
8721,31.822970204425943
8722,33.73944178493937
8723,34.42798266546799
8724,17.00546855743481
8725,32.853788703373716
8726,18.355142780392796
8727,53.83360352827013
8728,43.091501111321236
8729,31.65283553986366
8730,57.82306688235443
8731,25.3598003202732
8732,44.73358369187261
8733,43.9810198520127
8734,31.928670709327434
8735,46.9936681864126
8736,46.00017198701912
8737,35.53822378012589
8738,55.17792164350526
8739,21.678001185230055
8740,30.342803613189066
8741,33.465041082771144
8742,18.757229517619827
8743,51.82894496222645
8744,57.458173953955935
8745,48.55699803428167
8746,48.09382723152183
8747,20.0463172620345
8748,46.74721235253354
8749,50.1161459739542
8750,16.84656328546103
8751,33.419248550559125
8752,32.130820119533624
8753,20.140203701339995
8754,31.767012125193723
8755,32.28311203008381
8756,46.05239297483122
8757,43.22884109773549
8758,38.38198258777727
8759,32.92078287792138
8760,19.452428653071177
8761,47.78923197177283
8762,47.051436633189724
8763,32.741804165113386
8764,38.19857093659844
8765,57.9326523512742
8766,38.84813623252902
8767,30.666375897297954
8768,42.090826832795194
8769,30.88101791153119
8770,38.14221289710843
8771,23.613336499201434
8772,22.398747052166335
8773,45.50112236252863
8774,32.5421545586003
8775,22.955591909283772
8776,17.065042812988064
8777,51.01939075706197
8778,36.833203091872385
8779,21.290908872200013
8780,27.111556192424654
8781,49.73884838983356
8782,49.91149998666065
8783,33.29482984745355
8784,16.472257193774936
8785,47.836821712990044
8786,36.44736528104583
8787,25.37539203243776
8788,63.73805896555427
8789,23.267498400284335
8790,27.880943941944068
8791,35.565140803467514
8792,34.67771246273795
8793,56.431414093204225
8794,28.883544264018894
8795,34.894053828685514
8796,22.249699452047267
8797,43.16595106506051
8798,17.86791221515437
8799,45.770537613147766
8800,35.26366799399851
8801,52.728627460322706
8802,40.62950721810689
8803,15.969893691517541
8804,25.65977505257355
8805,50.57577293871536
8806,31.161599278682164
8807,19.01284245304573
8808,33.463555307000526
8809,21.90270608304106
8810,33.70181928405109
8811,48.55699803428167
8812,44.76840269223337
8813,23.11562809984966
8814,40.017121218895504
8815,38.64249254444397
8816,48.95321165410101
8817,45.75058863655811
8818,43.5440090034724
8819,39.11211014373745
8820,25.063616880094727
8821,20.972291956652494
8822,21.432904493816274
8823,36.773090816707054
8824,32.110395634850775
8825,46.84387852356536
8826,21.590513647063442
8827,46.6354482247894
8828,35.853699088434766
8829,43.88854721988728
8830,38.50383732704752
8831,48.56859219484486
8832,44.91070284754
8833,21.705254909588376
8834,37.77483303484375
8835,58.17050935566153
8836,44.71087130924034
8837,39.87456649163859
8838,55.20105608332963
8839,55.17268279360009
8840,21.708269192162984
8841,20.2328808068128
8842,43.00822707727142
8843,35.32827508163942
8844,33.84726849061669
8845,44.0795328206831
8846,15.368890294107903
8847,50.3296552906864
8848,31.264493839916668
8849,18.659866618452405
8850,60.8053028098802
8851,48.56859219484486
8852,20.79518977119584
8853,31.65283553986366
8854,19.46345592580284
8855,42.90118703879207
8856,30.666375897297954
8857,36.84061436848252
8858,23.517266588271706
8859,57.9326523512742
8860,57.41687188994196
8861,19.46816375685392
8862,54.26632130188611
8863,45.987935449261784
8864,30.00476655322876
8865,35.11701170498272
8866,34.320915253616214
8867,22.021492400535855
8868,23.22275655796208
8869,18.52973091607371
8870,27.35890510285139
8871,42.21407194090543
8872,39.80383309961512
8873,29.931876958353236
8874,21.72413499126117
8875,19.304985254315703
8876,26.223347740404655
8877,45.42374606489879
8878,29.860807279377056
8879,27.926591310272116
8880,35.18253703452365
8881,32.47268055638246
8882,41.32382693223631
8883,43.80419566720663
8884,33.648701043917306
8885,50.26087726208275
8886,36.204714025042634
8887,22.021492400535855
8888,15.61430036180186
8889,34.894053828685514
8890,47.14631668884464
8891,32.82679967059768
8892,21.734208997743913
8893,21.70354138589366
8894,34.67771246273795
8895,17.720313736656998
8896,32.78071439966486
8897,38.19924897664403
8898,17.78779038653273
8899,21.46587723327982
8900,33.42836905958973
8901,37.02040797164566
8902,40.33979131980407
8903,17.73134394810006
8904,39.5691889986723
8905,38.18470423611486
8906,16.165527535280397
8907,36.44736528104583
8908,18.715542977790168
8909,17.87092112301041
8910,38.81892529396048
8911,42.90118703879207
8912,51.126981390083614
8913,41.04062229623917
8914,60.21360579770877
8915,34.52498314852204
8916,32.88607074391917
8917,17.903703100152505
8918,36.204714025042634
8919,17.66098069089768
8920,16.560835225085672
8921,39.5691889986723
8922,60.357920522394764
8923,53.66279172356702
8924,34.37514096246812
8925,31.65283553986366
8926,34.12403847203471
8927,38.78969049644883
8928,34.986471552708736
8929,45.33928477702795
8930,51.152394917172096
8931,21.70354138589366
8932,46.02095578009282
8933,59.241532239941634
8934,41.921259357110245
8935,13.58347503789593
8936,46.65425075451563
8937,34.18272365327084
8938,51.152394917172096
8939,42.917794111136914
8940,36.204714025042634
8941,49.53587221365584
8942,51.29271399840206
8943,16.759447789483758
8944,21.438484131742644
8945,44.7063748363245
8946,33.419248550559125
8947,23.518571203355762
8948,45.845459554420906
8949,26.025479108032943
8950,22.567717586950202
8951,33.12015962776481
8952,35.703699567146025
8953,50.770692125313445
8954,38.67856608264566
8955,35.26366799399851
8956,35.60256701289816
8957,67.54606892836823
8958,39.5691889986723
8959,15.560295769009542
8960,42.854599605806314
8961,39.14556538089478
8962,44.274649721373535
8963,22.612869008995236
8964,45.845459554420906
8965,43.90752091619184
8966,21.432904493816274
8967,36.76077670198624
8968,27.888361773667974
8969,40.447010603528874
8970,19.46816375685392
8971,54.26632130188611
8972,44.562115026013714
8973,37.1428981326358
8974,35.00016516513495
8975,36.204714025042634
8976,17.586578174500346
8977,21.708269192162984
8978,66.94440972421904
8979,44.85167322518423
8980,28.744642981427994
8981,30.777797886829955
8982,23.759472904756013
8983,21.219248879427596
8984,60.357920522394764
8985,41.3243000084858
8986,42.53569128319191
8987,43.23558676534642
8988,20.589079004096302
8989,24.578865449465983
8990,22.94862264014712
8991,28.408233245558517
8992,26.767109451591658
8993,40.030657982382635
8994,34.89217229815465
8995,18.60053559229945
8996,33.081011964796474
8997,41.935997198504396
8998,46.714513154333126
8999,55.436045607738365
9000,46.53211872530833
9001,19.01284245304573
9002,43.035556145242296
9003,44.61816911385131
9004,20.14155847720718
9005,45.845459554420906
9006,20.22925656886733
9007,37.24035568122595
9008,33.52019319678297
9009,37.52701233607027
9010,45.928971822664884
9011,18.790466049753316
